case,trial,detected,message_count,messages
thay_doi_ban_ma,1,1,2,"Giá trị băm gói mã hóa của hồ sơ 867d508a-8f97-4dc6-852c-0d6526eb7645, phiên bản 1 không hợp lệ. | Gói mã hóa không hợp lệ, không xác thực hoặc giải mã được hồ sơ 867d508a-8f97-4dc6-852c-0d6526eb7645, phiên bản 1: InvalidTag."
thay_doi_ban_ma,2,1,2,"Giá trị băm gói mã hóa của hồ sơ 3654c1b7-ad63-4048-995e-83deb1965181, phiên bản 1 không hợp lệ. | Gói mã hóa không hợp lệ, không xác thực hoặc giải mã được hồ sơ 3654c1b7-ad63-4048-995e-83deb1965181, phiên bản 1: InvalidTag."
thay_doi_ban_ma,3,1,2,"Giá trị băm gói mã hóa của hồ sơ a9eba37c-7622-4feb-93ec-117f9b33d923, phiên bản 1 không hợp lệ. | Gói mã hóa không hợp lệ, không xác thực hoặc giải mã được hồ sơ a9eba37c-7622-4feb-93ec-117f9b33d923, phiên bản 1: InvalidTag."
thay_doi_ban_ma,4,1,2,"Giá trị băm gói mã hóa của hồ sơ 17c1f444-171f-4f3d-b21d-569173437a99, phiên bản 1 không hợp lệ. | Gói mã hóa không hợp lệ, không xác thực hoặc giải mã được hồ sơ 17c1f444-171f-4f3d-b21d-569173437a99, phiên bản 1: InvalidTag."
thay_doi_ban_ma,5,1,2,"Giá trị băm gói mã hóa của hồ sơ 077ee5ec-e161-4faa-b6a5-b01678fee8f1, phiên bản 1 không hợp lệ. | Gói mã hóa không hợp lệ, không xác thực hoặc giải mã được hồ sơ 077ee5ec-e161-4faa-b6a5-b01678fee8f1, phiên bản 1: InvalidTag."
thay_doi_ban_ma,6,1,2,"Giá trị băm gói mã hóa của hồ sơ 6e36ef1a-39c3-4271-a597-2e2b3db1e49b, phiên bản 1 không hợp lệ. | Gói mã hóa không hợp lệ, không xác thực hoặc giải mã được hồ sơ 6e36ef1a-39c3-4271-a597-2e2b3db1e49b, phiên bản 1: InvalidTag."
thay_doi_ban_ma,7,1,2,"Giá trị băm gói mã hóa của hồ sơ 48db7750-f681-48df-a4c9-3520a6912c5a, phiên bản 1 không hợp lệ. | Gói mã hóa không hợp lệ, không xác thực hoặc giải mã được hồ sơ 48db7750-f681-48df-a4c9-3520a6912c5a, phiên bản 1: InvalidTag."
thay_doi_ban_ma,8,1,2,"Giá trị băm gói mã hóa của hồ sơ 23f84f6d-8030-4757-8ba3-fb33a29f7568, phiên bản 1 không hợp lệ. | Gói mã hóa không hợp lệ, không xác thực hoặc giải mã được hồ sơ 23f84f6d-8030-4757-8ba3-fb33a29f7568, phiên bản 1: InvalidTag."
thay_doi_ban_ma,9,1,2,"Giá trị băm gói mã hóa của hồ sơ da517c93-01d0-4bd5-bac2-c3c5db20dc6f, phiên bản 1 không hợp lệ. | Gói mã hóa không hợp lệ, không xác thực hoặc giải mã được hồ sơ da517c93-01d0-4bd5-bac2-c3c5db20dc6f, phiên bản 1: InvalidTag."
thay_doi_ban_ma,10,1,2,"Giá trị băm gói mã hóa của hồ sơ 281777b9-04c8-45cc-8bb7-aa30627bcb94, phiên bản 1 không hợp lệ. | Gói mã hóa không hợp lệ, không xác thực hoặc giải mã được hồ sơ 281777b9-04c8-45cc-8bb7-aa30627bcb94, phiên bản 1: InvalidTag."
thay_doi_ban_ma,11,1,2,"Giá trị băm gói mã hóa của hồ sơ c6f68ac2-2062-420f-bab0-803f685d7b39, phiên bản 1 không hợp lệ. | Gói mã hóa không hợp lệ, không xác thực hoặc giải mã được hồ sơ c6f68ac2-2062-420f-bab0-803f685d7b39, phiên bản 1: InvalidTag."
thay_doi_ban_ma,12,1,2,"Giá trị băm gói mã hóa của hồ sơ e6fa736a-baa7-4ec7-9437-349280a3e552, phiên bản 1 không hợp lệ. | Gói mã hóa không hợp lệ, không xác thực hoặc giải mã được hồ sơ e6fa736a-baa7-4ec7-9437-349280a3e552, phiên bản 1: InvalidTag."
thay_doi_ban_ma,13,1,2,"Giá trị băm gói mã hóa của hồ sơ 146ae4ba-aa0a-4c0f-9b1f-3d969f34e555, phiên bản 1 không hợp lệ. | Gói mã hóa không hợp lệ, không xác thực hoặc giải mã được hồ sơ 146ae4ba-aa0a-4c0f-9b1f-3d969f34e555, phiên bản 1: InvalidTag."
thay_doi_ban_ma,14,1,2,"Giá trị băm gói mã hóa của hồ sơ 14715df6-ac6f-4bee-9c52-9d9ec031d17c, phiên bản 1 không hợp lệ. | Gói mã hóa không hợp lệ, không xác thực hoặc giải mã được hồ sơ 14715df6-ac6f-4bee-9c52-9d9ec031d17c, phiên bản 1: InvalidTag."
thay_doi_ban_ma,15,1,2,"Giá trị băm gói mã hóa của hồ sơ 0803dec9-d01f-44b3-a048-bd0b6c53c3c4, phiên bản 1 không hợp lệ. | Gói mã hóa không hợp lệ, không xác thực hoặc giải mã được hồ sơ 0803dec9-d01f-44b3-a048-bd0b6c53c3c4, phiên bản 1: InvalidTag."
thay_doi_ban_ma,16,1,2,"Giá trị băm gói mã hóa của hồ sơ 624afcc5-a01e-4346-aae2-530e0e68e7dc, phiên bản 1 không hợp lệ. | Gói mã hóa không hợp lệ, không xác thực hoặc giải mã được hồ sơ 624afcc5-a01e-4346-aae2-530e0e68e7dc, phiên bản 1: InvalidTag."
thay_doi_ban_ma,17,1,2,"Giá trị băm gói mã hóa của hồ sơ 243918ce-ca7c-4ab5-ad7c-b5cb84b3bc55, phiên bản 1 không hợp lệ. | Gói mã hóa không hợp lệ, không xác thực hoặc giải mã được hồ sơ 243918ce-ca7c-4ab5-ad7c-b5cb84b3bc55, phiên bản 1: InvalidTag."
thay_doi_ban_ma,18,1,2,"Giá trị băm gói mã hóa của hồ sơ ba1b529b-c88b-497f-9ce5-d332c3402bf9, phiên bản 1 không hợp lệ. | Gói mã hóa không hợp lệ, không xác thực hoặc giải mã được hồ sơ ba1b529b-c88b-497f-9ce5-d332c3402bf9, phiên bản 1: InvalidTag."
thay_doi_ban_ma,19,1,2,"Giá trị băm gói mã hóa của hồ sơ ec475020-578f-4d63-b49d-cf198a761a8a, phiên bản 1 không hợp lệ. | Gói mã hóa không hợp lệ, không xác thực hoặc giải mã được hồ sơ ec475020-578f-4d63-b49d-cf198a761a8a, phiên bản 1: InvalidTag."
thay_doi_ban_ma,20,1,2,"Giá trị băm gói mã hóa của hồ sơ 0a06b9dc-33ee-4145-b410-c74dc26452cd, phiên bản 1 không hợp lệ. | Gói mã hóa không hợp lệ, không xác thực hoặc giải mã được hồ sơ 0a06b9dc-33ee-4145-b410-c74dc26452cd, phiên bản 1: InvalidTag."
thay_doi_ban_ma,21,1,2,"Giá trị băm gói mã hóa của hồ sơ 7fc1a3cf-9eda-48ce-82fc-a3d4aeb0110a, phiên bản 1 không hợp lệ. | Gói mã hóa không hợp lệ, không xác thực hoặc giải mã được hồ sơ 7fc1a3cf-9eda-48ce-82fc-a3d4aeb0110a, phiên bản 1: InvalidTag."
thay_doi_ban_ma,22,1,2,"Giá trị băm gói mã hóa của hồ sơ 4144ea3f-9a27-433f-9bb4-dc41f2f22a1e, phiên bản 1 không hợp lệ. | Gói mã hóa không hợp lệ, không xác thực hoặc giải mã được hồ sơ 4144ea3f-9a27-433f-9bb4-dc41f2f22a1e, phiên bản 1: InvalidTag."
thay_doi_ban_ma,23,1,2,"Giá trị băm gói mã hóa của hồ sơ 2d3d14d0-c4ba-4fec-a2ce-c580e2d26f21, phiên bản 1 không hợp lệ. | Gói mã hóa không hợp lệ, không xác thực hoặc giải mã được hồ sơ 2d3d14d0-c4ba-4fec-a2ce-c580e2d26f21, phiên bản 1: InvalidTag."
thay_doi_ban_ma,24,1,2,"Giá trị băm gói mã hóa của hồ sơ 14de6dfd-d432-46d2-834c-47117a3cbbc8, phiên bản 1 không hợp lệ. | Gói mã hóa không hợp lệ, không xác thực hoặc giải mã được hồ sơ 14de6dfd-d432-46d2-834c-47117a3cbbc8, phiên bản 1: InvalidTag."
thay_doi_ban_ma,25,1,2,"Giá trị băm gói mã hóa của hồ sơ e8b8a18c-6d3b-4bfb-b737-7ba3fa888204, phiên bản 1 không hợp lệ. | Gói mã hóa không hợp lệ, không xác thực hoặc giải mã được hồ sơ e8b8a18c-6d3b-4bfb-b737-7ba3fa888204, phiên bản 1: InvalidTag."
thay_doi_ban_ma,26,1,2,"Giá trị băm gói mã hóa của hồ sơ 08cee0f6-e8f8-453a-93fa-faac3b2ab58f, phiên bản 1 không hợp lệ. | Gói mã hóa không hợp lệ, không xác thực hoặc giải mã được hồ sơ 08cee0f6-e8f8-453a-93fa-faac3b2ab58f, phiên bản 1: InvalidTag."
thay_doi_ban_ma,27,1,2,"Giá trị băm gói mã hóa của hồ sơ bb3cc424-6692-4786-9962-19ead5b31de4, phiên bản 1 không hợp lệ. | Gói mã hóa không hợp lệ, không xác thực hoặc giải mã được hồ sơ bb3cc424-6692-4786-9962-19ead5b31de4, phiên bản 1: InvalidTag."
thay_doi_ban_ma,28,1,2,"Giá trị băm gói mã hóa của hồ sơ 05d500a0-32bb-4074-a97c-e17c99c3e2f2, phiên bản 1 không hợp lệ. | Gói mã hóa không hợp lệ, không xác thực hoặc giải mã được hồ sơ 05d500a0-32bb-4074-a97c-e17c99c3e2f2, phiên bản 1: InvalidTag."
thay_doi_ban_ma,29,1,2,"Giá trị băm gói mã hóa của hồ sơ 3b2a34af-046a-4e06-a609-aa3f2376f635, phiên bản 1 không hợp lệ. | Gói mã hóa không hợp lệ, không xác thực hoặc giải mã được hồ sơ 3b2a34af-046a-4e06-a609-aa3f2376f635, phiên bản 1: InvalidTag."
thay_doi_ban_ma,30,1,2,"Giá trị băm gói mã hóa của hồ sơ 02e58b3a-986a-4b17-9596-2d5702d19c8f, phiên bản 1 không hợp lệ. | Gói mã hóa không hợp lệ, không xác thực hoặc giải mã được hồ sơ 02e58b3a-986a-4b17-9596-2d5702d19c8f, phiên bản 1: InvalidTag."
thay_doi_the_xac_thuc,1,1,2,"Giá trị băm gói mã hóa của hồ sơ 26cdc553-3a15-4d5e-bbb9-07024de60154, phiên bản 1 không hợp lệ. | Gói mã hóa không hợp lệ, không xác thực hoặc giải mã được hồ sơ 26cdc553-3a15-4d5e-bbb9-07024de60154, phiên bản 1: InvalidTag."
thay_doi_the_xac_thuc,2,1,2,"Giá trị băm gói mã hóa của hồ sơ 45b76a4a-d06f-4fb5-9f9c-5cd865022de8, phiên bản 1 không hợp lệ. | Gói mã hóa không hợp lệ, không xác thực hoặc giải mã được hồ sơ 45b76a4a-d06f-4fb5-9f9c-5cd865022de8, phiên bản 1: InvalidTag."
thay_doi_the_xac_thuc,3,1,2,"Giá trị băm gói mã hóa của hồ sơ 009da87e-4370-4336-893f-9a509666a962, phiên bản 1 không hợp lệ. | Gói mã hóa không hợp lệ, không xác thực hoặc giải mã được hồ sơ 009da87e-4370-4336-893f-9a509666a962, phiên bản 1: InvalidTag."
thay_doi_the_xac_thuc,4,1,2,"Giá trị băm gói mã hóa của hồ sơ 4db5cec6-1f40-4d2a-bd07-72456559c9c9, phiên bản 1 không hợp lệ. | Gói mã hóa không hợp lệ, không xác thực hoặc giải mã được hồ sơ 4db5cec6-1f40-4d2a-bd07-72456559c9c9, phiên bản 1: InvalidTag."
thay_doi_the_xac_thuc,5,1,2,"Giá trị băm gói mã hóa của hồ sơ 4cf17bf5-032e-4cea-a081-075870dcdb2d, phiên bản 1 không hợp lệ. | Gói mã hóa không hợp lệ, không xác thực hoặc giải mã được hồ sơ 4cf17bf5-032e-4cea-a081-075870dcdb2d, phiên bản 1: InvalidTag."
thay_doi_the_xac_thuc,6,1,2,"Giá trị băm gói mã hóa của hồ sơ 066bebd7-2d08-4473-8e5b-eb2084c04b58, phiên bản 1 không hợp lệ. | Gói mã hóa không hợp lệ, không xác thực hoặc giải mã được hồ sơ 066bebd7-2d08-4473-8e5b-eb2084c04b58, phiên bản 1: InvalidTag."
thay_doi_the_xac_thuc,7,1,2,"Giá trị băm gói mã hóa của hồ sơ 3495e98c-4923-4be9-b6fe-c35c337ce858, phiên bản 1 không hợp lệ. | Gói mã hóa không hợp lệ, không xác thực hoặc giải mã được hồ sơ 3495e98c-4923-4be9-b6fe-c35c337ce858, phiên bản 1: InvalidTag."
thay_doi_the_xac_thuc,8,1,2,"Giá trị băm gói mã hóa của hồ sơ a26e7764-0dcc-4b1e-8018-4e108f545152, phiên bản 1 không hợp lệ. | Gói mã hóa không hợp lệ, không xác thực hoặc giải mã được hồ sơ a26e7764-0dcc-4b1e-8018-4e108f545152, phiên bản 1: InvalidTag."
thay_doi_the_xac_thuc,9,1,2,"Giá trị băm gói mã hóa của hồ sơ 1a7bec56-8c19-4e32-af09-a87550e04e3f, phiên bản 1 không hợp lệ. | Gói mã hóa không hợp lệ, không xác thực hoặc giải mã được hồ sơ 1a7bec56-8c19-4e32-af09-a87550e04e3f, phiên bản 1: InvalidTag."
thay_doi_the_xac_thuc,10,1,2,"Giá trị băm gói mã hóa của hồ sơ 3ba93d84-0641-4338-9e6d-a56b2314d127, phiên bản 1 không hợp lệ. | Gói mã hóa không hợp lệ, không xác thực hoặc giải mã được hồ sơ 3ba93d84-0641-4338-9e6d-a56b2314d127, phiên bản 1: InvalidTag."
thay_doi_the_xac_thuc,11,1,2,"Giá trị băm gói mã hóa của hồ sơ 0ef5d5f8-3399-406b-9340-ace40cbe7a47, phiên bản 1 không hợp lệ. | Gói mã hóa không hợp lệ, không xác thực hoặc giải mã được hồ sơ 0ef5d5f8-3399-406b-9340-ace40cbe7a47, phiên bản 1: InvalidTag."
thay_doi_the_xac_thuc,12,1,2,"Giá trị băm gói mã hóa của hồ sơ 10ab8f58-fe2a-478a-af86-5834d235993f, phiên bản 1 không hợp lệ. | Gói mã hóa không hợp lệ, không xác thực hoặc giải mã được hồ sơ 10ab8f58-fe2a-478a-af86-5834d235993f, phiên bản 1: InvalidTag."
thay_doi_the_xac_thuc,13,1,2,"Giá trị băm gói mã hóa của hồ sơ 18989116-e787-477d-8251-1c7b80964833, phiên bản 1 không hợp lệ. | Gói mã hóa không hợp lệ, không xác thực hoặc giải mã được hồ sơ 18989116-e787-477d-8251-1c7b80964833, phiên bản 1: InvalidTag."
thay_doi_the_xac_thuc,14,1,2,"Giá trị băm gói mã hóa của hồ sơ 3620df0d-50c3-4cc1-ae5a-9accddcb5ead, phiên bản 1 không hợp lệ. | Gói mã hóa không hợp lệ, không xác thực hoặc giải mã được hồ sơ 3620df0d-50c3-4cc1-ae5a-9accddcb5ead, phiên bản 1: InvalidTag."
thay_doi_the_xac_thuc,15,1,2,"Giá trị băm gói mã hóa của hồ sơ 754fd794-5ec0-4fa6-945a-f7fba6666fdb, phiên bản 1 không hợp lệ. | Gói mã hóa không hợp lệ, không xác thực hoặc giải mã được hồ sơ 754fd794-5ec0-4fa6-945a-f7fba6666fdb, phiên bản 1: InvalidTag."
thay_doi_the_xac_thuc,16,1,2,"Giá trị băm gói mã hóa của hồ sơ 1d5be367-2232-4730-898a-1a95730e990a, phiên bản 1 không hợp lệ. | Gói mã hóa không hợp lệ, không xác thực hoặc giải mã được hồ sơ 1d5be367-2232-4730-898a-1a95730e990a, phiên bản 1: InvalidTag."
thay_doi_the_xac_thuc,17,1,2,"Giá trị băm gói mã hóa của hồ sơ 763b5bc3-0cd1-459b-ac35-ffc99237bb8e, phiên bản 1 không hợp lệ. | Gói mã hóa không hợp lệ, không xác thực hoặc giải mã được hồ sơ 763b5bc3-0cd1-459b-ac35-ffc99237bb8e, phiên bản 1: InvalidTag."
thay_doi_the_xac_thuc,18,1,2,"Giá trị băm gói mã hóa của hồ sơ 72f8f4cc-3664-4d7d-9c1b-4e1a1438a4ee, phiên bản 1 không hợp lệ. | Gói mã hóa không hợp lệ, không xác thực hoặc giải mã được hồ sơ 72f8f4cc-3664-4d7d-9c1b-4e1a1438a4ee, phiên bản 1: InvalidTag."
thay_doi_the_xac_thuc,19,1,2,"Giá trị băm gói mã hóa của hồ sơ 92e85723-ee4a-4508-bff2-9b5001290b1c, phiên bản 1 không hợp lệ. | Gói mã hóa không hợp lệ, không xác thực hoặc giải mã được hồ sơ 92e85723-ee4a-4508-bff2-9b5001290b1c, phiên bản 1: InvalidTag."
thay_doi_the_xac_thuc,20,1,2,"Giá trị băm gói mã hóa của hồ sơ 3fa0b744-061a-43c8-b81d-bed7361f7f40, phiên bản 1 không hợp lệ. | Gói mã hóa không hợp lệ, không xác thực hoặc giải mã được hồ sơ 3fa0b744-061a-43c8-b81d-bed7361f7f40, phiên bản 1: InvalidTag."
thay_doi_the_xac_thuc,21,1,2,"Giá trị băm gói mã hóa của hồ sơ b0badc18-bf99-4bbb-896f-7665bf3e533a, phiên bản 1 không hợp lệ. | Gói mã hóa không hợp lệ, không xác thực hoặc giải mã được hồ sơ b0badc18-bf99-4bbb-896f-7665bf3e533a, phiên bản 1: InvalidTag."
thay_doi_the_xac_thuc,22,1,2,"Giá trị băm gói mã hóa của hồ sơ 63e80326-65f6-4661-8ef7-2d76b19a730a, phiên bản 1 không hợp lệ. | Gói mã hóa không hợp lệ, không xác thực hoặc giải mã được hồ sơ 63e80326-65f6-4661-8ef7-2d76b19a730a, phiên bản 1: InvalidTag."
thay_doi_the_xac_thuc,23,1,2,"Giá trị băm gói mã hóa của hồ sơ 5f4e0539-3a52-41fe-98da-83217b75f21a, phiên bản 1 không hợp lệ. | Gói mã hóa không hợp lệ, không xác thực hoặc giải mã được hồ sơ 5f4e0539-3a52-41fe-98da-83217b75f21a, phiên bản 1: InvalidTag."
thay_doi_the_xac_thuc,24,1,2,"Giá trị băm gói mã hóa của hồ sơ 4ce9dee7-d4b4-47c9-8911-dbb855ea17ee, phiên bản 1 không hợp lệ. | Gói mã hóa không hợp lệ, không xác thực hoặc giải mã được hồ sơ 4ce9dee7-d4b4-47c9-8911-dbb855ea17ee, phiên bản 1: InvalidTag."
thay_doi_the_xac_thuc,25,1,2,"Giá trị băm gói mã hóa của hồ sơ 3dffbd5b-346e-4df4-8d47-ad1bf72a63f1, phiên bản 1 không hợp lệ. | Gói mã hóa không hợp lệ, không xác thực hoặc giải mã được hồ sơ 3dffbd5b-346e-4df4-8d47-ad1bf72a63f1, phiên bản 1: InvalidTag."
thay_doi_the_xac_thuc,26,1,2,"Giá trị băm gói mã hóa của hồ sơ f7aed5f9-f9c1-46ca-b6a4-270b420bdbd3, phiên bản 1 không hợp lệ. | Gói mã hóa không hợp lệ, không xác thực hoặc giải mã được hồ sơ f7aed5f9-f9c1-46ca-b6a4-270b420bdbd3, phiên bản 1: InvalidTag."
thay_doi_the_xac_thuc,27,1,2,"Giá trị băm gói mã hóa của hồ sơ 1552f886-ce33-4167-afc2-ab4f17ea90aa, phiên bản 1 không hợp lệ. | Gói mã hóa không hợp lệ, không xác thực hoặc giải mã được hồ sơ 1552f886-ce33-4167-afc2-ab4f17ea90aa, phiên bản 1: InvalidTag."
thay_doi_the_xac_thuc,28,1,2,"Giá trị băm gói mã hóa của hồ sơ 16da6f32-5573-41d7-9492-06d22daa8959, phiên bản 1 không hợp lệ. | Gói mã hóa không hợp lệ, không xác thực hoặc giải mã được hồ sơ 16da6f32-5573-41d7-9492-06d22daa8959, phiên bản 1: InvalidTag."
thay_doi_the_xac_thuc,29,1,2,"Giá trị băm gói mã hóa của hồ sơ 10dce3df-14b0-4335-9163-d056ddc581d6, phiên bản 1 không hợp lệ. | Gói mã hóa không hợp lệ, không xác thực hoặc giải mã được hồ sơ 10dce3df-14b0-4335-9163-d056ddc581d6, phiên bản 1: InvalidTag."
thay_doi_the_xac_thuc,30,1,2,"Giá trị băm gói mã hóa của hồ sơ 99f11073-388e-4760-84d9-4091a9c0903c, phiên bản 1 không hợp lệ. | Gói mã hóa không hợp lệ, không xác thực hoặc giải mã được hồ sơ 99f11073-388e-4760-84d9-4091a9c0903c, phiên bản 1: InvalidTag."
thay_doi_nonce,1,1,2,"Giá trị băm gói mã hóa của hồ sơ 0deb7060-9540-4cf6-a66c-73a8a9076e6b, phiên bản 1 không hợp lệ. | Gói mã hóa không hợp lệ, không xác thực hoặc giải mã được hồ sơ 0deb7060-9540-4cf6-a66c-73a8a9076e6b, phiên bản 1: InvalidTag."
thay_doi_nonce,2,1,2,"Giá trị băm gói mã hóa của hồ sơ b23f64e0-cc23-46bc-8a07-de86c288d977, phiên bản 1 không hợp lệ. | Gói mã hóa không hợp lệ, không xác thực hoặc giải mã được hồ sơ b23f64e0-cc23-46bc-8a07-de86c288d977, phiên bản 1: InvalidTag."
thay_doi_nonce,3,1,2,"Giá trị băm gói mã hóa của hồ sơ 47ebfae7-3f0b-4859-990e-109d04d18fc5, phiên bản 1 không hợp lệ. | Gói mã hóa không hợp lệ, không xác thực hoặc giải mã được hồ sơ 47ebfae7-3f0b-4859-990e-109d04d18fc5, phiên bản 1: InvalidTag."
thay_doi_nonce,4,1,2,"Giá trị băm gói mã hóa của hồ sơ 2e740e5f-4c88-4732-b640-d23dd513ee0b, phiên bản 1 không hợp lệ. | Gói mã hóa không hợp lệ, không xác thực hoặc giải mã được hồ sơ 2e740e5f-4c88-4732-b640-d23dd513ee0b, phiên bản 1: InvalidTag."
thay_doi_nonce,5,1,2,"Giá trị băm gói mã hóa của hồ sơ 2679c57b-182e-4717-a59c-f904fd5aecd7, phiên bản 1 không hợp lệ. | Gói mã hóa không hợp lệ, không xác thực hoặc giải mã được hồ sơ 2679c57b-182e-4717-a59c-f904fd5aecd7, phiên bản 1: InvalidTag."
thay_doi_nonce,6,1,2,"Giá trị băm gói mã hóa của hồ sơ 505961ff-4e4f-4bf2-b0a7-c12cc5ad53e9, phiên bản 1 không hợp lệ. | Gói mã hóa không hợp lệ, không xác thực hoặc giải mã được hồ sơ 505961ff-4e4f-4bf2-b0a7-c12cc5ad53e9, phiên bản 1: InvalidTag."
thay_doi_nonce,7,1,2,"Giá trị băm gói mã hóa của hồ sơ 49e08ac0-715f-4f51-a79c-7f60b0227c6b, phiên bản 1 không hợp lệ. | Gói mã hóa không hợp lệ, không xác thực hoặc giải mã được hồ sơ 49e08ac0-715f-4f51-a79c-7f60b0227c6b, phiên bản 1: InvalidTag."
thay_doi_nonce,8,1,2,"Giá trị băm gói mã hóa của hồ sơ 4ef978eb-0fcc-4778-a1da-ffdd362a2f62, phiên bản 1 không hợp lệ. | Gói mã hóa không hợp lệ, không xác thực hoặc giải mã được hồ sơ 4ef978eb-0fcc-4778-a1da-ffdd362a2f62, phiên bản 1: InvalidTag."
thay_doi_nonce,9,1,2,"Giá trị băm gói mã hóa của hồ sơ 22db1da3-542b-4d56-90f5-fc61061793d8, phiên bản 1 không hợp lệ. | Gói mã hóa không hợp lệ, không xác thực hoặc giải mã được hồ sơ 22db1da3-542b-4d56-90f5-fc61061793d8, phiên bản 1: InvalidTag."
thay_doi_nonce,10,1,2,"Giá trị băm gói mã hóa của hồ sơ 1cf4b8d0-3e98-4d73-a366-77b36bf6dced, phiên bản 1 không hợp lệ. | Gói mã hóa không hợp lệ, không xác thực hoặc giải mã được hồ sơ 1cf4b8d0-3e98-4d73-a366-77b36bf6dced, phiên bản 1: InvalidTag."
thay_doi_nonce,11,1,2,"Giá trị băm gói mã hóa của hồ sơ 19a31106-8aec-4f2c-b2e8-a3600e869113, phiên bản 1 không hợp lệ. | Gói mã hóa không hợp lệ, không xác thực hoặc giải mã được hồ sơ 19a31106-8aec-4f2c-b2e8-a3600e869113, phiên bản 1: InvalidTag."
thay_doi_nonce,12,1,2,"Giá trị băm gói mã hóa của hồ sơ 61f4c001-de97-4fe8-802a-d440ac1ee7f7, phiên bản 1 không hợp lệ. | Gói mã hóa không hợp lệ, không xác thực hoặc giải mã được hồ sơ 61f4c001-de97-4fe8-802a-d440ac1ee7f7, phiên bản 1: InvalidTag."
thay_doi_nonce,13,1,2,"Giá trị băm gói mã hóa của hồ sơ 6dedde36-e34c-4052-b8bb-a9397ca0f197, phiên bản 1 không hợp lệ. | Gói mã hóa không hợp lệ, không xác thực hoặc giải mã được hồ sơ 6dedde36-e34c-4052-b8bb-a9397ca0f197, phiên bản 1: InvalidTag."
thay_doi_nonce,14,1,2,"Giá trị băm gói mã hóa của hồ sơ 77c8bcc5-56f4-4079-8c48-79b27ca0da98, phiên bản 1 không hợp lệ. | Gói mã hóa không hợp lệ, không xác thực hoặc giải mã được hồ sơ 77c8bcc5-56f4-4079-8c48-79b27ca0da98, phiên bản 1: InvalidTag."
thay_doi_nonce,15,1,2,"Giá trị băm gói mã hóa của hồ sơ bbc39d4a-aef8-4857-b4f0-4a36d6c7abf1, phiên bản 1 không hợp lệ. | Gói mã hóa không hợp lệ, không xác thực hoặc giải mã được hồ sơ bbc39d4a-aef8-4857-b4f0-4a36d6c7abf1, phiên bản 1: InvalidTag."
thay_doi_nonce,16,1,2,"Giá trị băm gói mã hóa của hồ sơ 5697cf7e-f718-4d1a-9d60-e79d44eff4b6, phiên bản 1 không hợp lệ. | Gói mã hóa không hợp lệ, không xác thực hoặc giải mã được hồ sơ 5697cf7e-f718-4d1a-9d60-e79d44eff4b6, phiên bản 1: InvalidTag."
thay_doi_nonce,17,1,2,"Giá trị băm gói mã hóa của hồ sơ 141bc919-3c3c-4d2d-a11e-4e4d646c5dbe, phiên bản 1 không hợp lệ. | Gói mã hóa không hợp lệ, không xác thực hoặc giải mã được hồ sơ 141bc919-3c3c-4d2d-a11e-4e4d646c5dbe, phiên bản 1: InvalidTag."
thay_doi_nonce,18,1,2,"Giá trị băm gói mã hóa của hồ sơ 548ed8a6-d713-4312-99da-11af27e886e5, phiên bản 1 không hợp lệ. | Gói mã hóa không hợp lệ, không xác thực hoặc giải mã được hồ sơ 548ed8a6-d713-4312-99da-11af27e886e5, phiên bản 1: InvalidTag."
thay_doi_nonce,19,1,2,"Giá trị băm gói mã hóa của hồ sơ 25e516ce-1267-495d-8c3f-65096ef0e9ab, phiên bản 1 không hợp lệ. | Gói mã hóa không hợp lệ, không xác thực hoặc giải mã được hồ sơ 25e516ce-1267-495d-8c3f-65096ef0e9ab, phiên bản 1: InvalidTag."
thay_doi_nonce,20,1,2,"Giá trị băm gói mã hóa của hồ sơ 659934a8-a4d4-45f1-ac08-1dc1eeea4dcc, phiên bản 1 không hợp lệ. | Gói mã hóa không hợp lệ, không xác thực hoặc giải mã được hồ sơ 659934a8-a4d4-45f1-ac08-1dc1eeea4dcc, phiên bản 1: InvalidTag."
thay_doi_nonce,21,1,2,"Giá trị băm gói mã hóa của hồ sơ 203e6ab4-c297-4353-a2d9-00438e630b18, phiên bản 1 không hợp lệ. | Gói mã hóa không hợp lệ, không xác thực hoặc giải mã được hồ sơ 203e6ab4-c297-4353-a2d9-00438e630b18, phiên bản 1: InvalidTag."
thay_doi_nonce,22,1,2,"Giá trị băm gói mã hóa của hồ sơ a4a4aab7-084c-44fc-b258-ad2a14e7f6ce, phiên bản 1 không hợp lệ. | Gói mã hóa không hợp lệ, không xác thực hoặc giải mã được hồ sơ a4a4aab7-084c-44fc-b258-ad2a14e7f6ce, phiên bản 1: InvalidTag."
thay_doi_nonce,23,1,2,"Giá trị băm gói mã hóa của hồ sơ 93d7562f-5bee-41ae-8096-db084b92d9e5, phiên bản 1 không hợp lệ. | Gói mã hóa không hợp lệ, không xác thực hoặc giải mã được hồ sơ 93d7562f-5bee-41ae-8096-db084b92d9e5, phiên bản 1: InvalidTag."
thay_doi_nonce,24,1,2,"Giá trị băm gói mã hóa của hồ sơ 99223b67-df6c-4aa9-b286-fab88bbc016b, phiên bản 1 không hợp lệ. | Gói mã hóa không hợp lệ, không xác thực hoặc giải mã được hồ sơ 99223b67-df6c-4aa9-b286-fab88bbc016b, phiên bản 1: InvalidTag."
thay_doi_nonce,25,1,2,"Giá trị băm gói mã hóa của hồ sơ 1507e9b7-5a37-45e3-9dbc-7d4c70cac151, phiên bản 1 không hợp lệ. | Gói mã hóa không hợp lệ, không xác thực hoặc giải mã được hồ sơ 1507e9b7-5a37-45e3-9dbc-7d4c70cac151, phiên bản 1: InvalidTag."
thay_doi_nonce,26,1,2,"Giá trị băm gói mã hóa của hồ sơ 21a6bc43-5c9c-4c90-b8f8-cce0bdb0a21e, phiên bản 1 không hợp lệ. | Gói mã hóa không hợp lệ, không xác thực hoặc giải mã được hồ sơ 21a6bc43-5c9c-4c90-b8f8-cce0bdb0a21e, phiên bản 1: InvalidTag."
thay_doi_nonce,27,1,2,"Giá trị băm gói mã hóa của hồ sơ 329fe023-efba-43d8-8e43-325ffcec4905, phiên bản 1 không hợp lệ. | Gói mã hóa không hợp lệ, không xác thực hoặc giải mã được hồ sơ 329fe023-efba-43d8-8e43-325ffcec4905, phiên bản 1: InvalidTag."
thay_doi_nonce,28,1,2,"Giá trị băm gói mã hóa của hồ sơ 2d926c5b-7f53-4027-80d6-2817776f4381, phiên bản 1 không hợp lệ. | Gói mã hóa không hợp lệ, không xác thực hoặc giải mã được hồ sơ 2d926c5b-7f53-4027-80d6-2817776f4381, phiên bản 1: InvalidTag."
thay_doi_nonce,29,1,2,"Giá trị băm gói mã hóa của hồ sơ 61c57746-f88d-4ad5-835c-0202aaa36f82, phiên bản 1 không hợp lệ. | Gói mã hóa không hợp lệ, không xác thực hoặc giải mã được hồ sơ 61c57746-f88d-4ad5-835c-0202aaa36f82, phiên bản 1: InvalidTag."
thay_doi_nonce,30,1,2,"Giá trị băm gói mã hóa của hồ sơ 74ff454f-559c-4420-8d3a-ddc8d122f226, phiên bản 1 không hợp lệ. | Gói mã hóa không hợp lệ, không xác thực hoặc giải mã được hồ sơ 74ff454f-559c-4420-8d3a-ddc8d122f226, phiên bản 1: InvalidTag."
thay_doi_bam_phong_bi,1,1,2,"Khối và phiên bản 1 của hồ sơ 5fbe4152-9858-45ec-a7f4-5999d5b6fd86 không khớp. | Giá trị băm gói mã hóa của hồ sơ 5fbe4152-9858-45ec-a7f4-5999d5b6fd86, phiên bản 1 không hợp lệ."
thay_doi_bam_phong_bi,2,1,2,"Khối và phiên bản 1 của hồ sơ cf777af8-9d27-48e7-95aa-ff9ead0bd73e không khớp. | Giá trị băm gói mã hóa của hồ sơ cf777af8-9d27-48e7-95aa-ff9ead0bd73e, phiên bản 1 không hợp lệ."
thay_doi_bam_phong_bi,3,1,2,"Khối và phiên bản 1 của hồ sơ 61650ec0-cff8-4f58-b180-4b2243880180 không khớp. | Giá trị băm gói mã hóa của hồ sơ 61650ec0-cff8-4f58-b180-4b2243880180, phiên bản 1 không hợp lệ."
thay_doi_bam_phong_bi,4,1,2,"Khối và phiên bản 1 của hồ sơ 3196cbe6-de21-43b3-a21a-b71c00da79cd không khớp. | Giá trị băm gói mã hóa của hồ sơ 3196cbe6-de21-43b3-a21a-b71c00da79cd, phiên bản 1 không hợp lệ."
thay_doi_bam_phong_bi,5,1,2,"Khối và phiên bản 1 của hồ sơ 4673f6a3-d79d-4ef6-96e8-54325b21da5a không khớp. | Giá trị băm gói mã hóa của hồ sơ 4673f6a3-d79d-4ef6-96e8-54325b21da5a, phiên bản 1 không hợp lệ."
thay_doi_bam_phong_bi,6,1,2,"Khối và phiên bản 1 của hồ sơ 09f4d5f6-a89e-4cde-b12f-852718ebed89 không khớp. | Giá trị băm gói mã hóa của hồ sơ 09f4d5f6-a89e-4cde-b12f-852718ebed89, phiên bản 1 không hợp lệ."
thay_doi_bam_phong_bi,7,1,2,"Khối và phiên bản 1 của hồ sơ 0452b2e0-7c42-45be-adb6-591935e9af65 không khớp. | Giá trị băm gói mã hóa của hồ sơ 0452b2e0-7c42-45be-adb6-591935e9af65, phiên bản 1 không hợp lệ."
thay_doi_bam_phong_bi,8,1,2,"Khối và phiên bản 1 của hồ sơ 30e4bc98-9d06-43d0-b99a-324dab17d065 không khớp. | Giá trị băm gói mã hóa của hồ sơ 30e4bc98-9d06-43d0-b99a-324dab17d065, phiên bản 1 không hợp lệ."
thay_doi_bam_phong_bi,9,1,2,"Khối và phiên bản 1 của hồ sơ 75bd8ec0-f92e-4808-aafe-fc5fea5d0f40 không khớp. | Giá trị băm gói mã hóa của hồ sơ 75bd8ec0-f92e-4808-aafe-fc5fea5d0f40, phiên bản 1 không hợp lệ."
thay_doi_bam_phong_bi,10,1,2,"Khối và phiên bản 1 của hồ sơ 10c7f058-490b-4556-9a30-4ae4bd1f85f4 không khớp. | Giá trị băm gói mã hóa của hồ sơ 10c7f058-490b-4556-9a30-4ae4bd1f85f4, phiên bản 1 không hợp lệ."
thay_doi_bam_phong_bi,11,1,2,"Khối và phiên bản 1 của hồ sơ 6a066986-70bd-47d1-b265-d18f1e9c48ea không khớp. | Giá trị băm gói mã hóa của hồ sơ 6a066986-70bd-47d1-b265-d18f1e9c48ea, phiên bản 1 không hợp lệ."
thay_doi_bam_phong_bi,12,1,2,"Khối và phiên bản 1 của hồ sơ 3537da69-a7c4-44a0-93f9-6bd2a2a6c1de không khớp. | Giá trị băm gói mã hóa của hồ sơ 3537da69-a7c4-44a0-93f9-6bd2a2a6c1de, phiên bản 1 không hợp lệ."
thay_doi_bam_phong_bi,13,1,2,"Khối và phiên bản 1 của hồ sơ 7a65c9c9-cadb-41dc-a174-1df3958b6363 không khớp. | Giá trị băm gói mã hóa của hồ sơ 7a65c9c9-cadb-41dc-a174-1df3958b6363, phiên bản 1 không hợp lệ."
thay_doi_bam_phong_bi,14,1,2,"Khối và phiên bản 1 của hồ sơ 2fad365f-6a77-4ee4-8652-27df89ae0dc1 không khớp. | Giá trị băm gói mã hóa của hồ sơ 2fad365f-6a77-4ee4-8652-27df89ae0dc1, phiên bản 1 không hợp lệ."
thay_doi_bam_phong_bi,15,1,2,"Khối và phiên bản 1 của hồ sơ 98133218-0665-4014-8221-448b7bd851dd không khớp. | Giá trị băm gói mã hóa của hồ sơ 98133218-0665-4014-8221-448b7bd851dd, phiên bản 1 không hợp lệ."
thay_doi_bam_phong_bi,16,1,2,"Khối và phiên bản 1 của hồ sơ 2369f75f-ad97-4588-86c4-15bdce6b3f5f không khớp. | Giá trị băm gói mã hóa của hồ sơ 2369f75f-ad97-4588-86c4-15bdce6b3f5f, phiên bản 1 không hợp lệ."
thay_doi_bam_phong_bi,17,1,2,"Khối và phiên bản 1 của hồ sơ 7d10d8a2-c963-40a0-b5ff-37a65d7e3f5a không khớp. | Giá trị băm gói mã hóa của hồ sơ 7d10d8a2-c963-40a0-b5ff-37a65d7e3f5a, phiên bản 1 không hợp lệ."
thay_doi_bam_phong_bi,18,1,2,"Khối và phiên bản 1 của hồ sơ 380f075f-cc15-498b-8cab-b040ec62750c không khớp. | Giá trị băm gói mã hóa của hồ sơ 380f075f-cc15-498b-8cab-b040ec62750c, phiên bản 1 không hợp lệ."
thay_doi_bam_phong_bi,19,1,2,"Khối và phiên bản 1 của hồ sơ 09f62f73-dc64-446d-8e48-3e99babd3226 không khớp. | Giá trị băm gói mã hóa của hồ sơ 09f62f73-dc64-446d-8e48-3e99babd3226, phiên bản 1 không hợp lệ."
thay_doi_bam_phong_bi,20,1,2,"Khối và phiên bản 1 của hồ sơ 22dcd1d4-83e8-4b47-bcbb-305ad8dbdb1d không khớp. | Giá trị băm gói mã hóa của hồ sơ 22dcd1d4-83e8-4b47-bcbb-305ad8dbdb1d, phiên bản 1 không hợp lệ."
thay_doi_bam_phong_bi,21,1,2,"Khối và phiên bản 1 của hồ sơ 8a23e519-6591-48ea-be5d-7931172cd328 không khớp. | Giá trị băm gói mã hóa của hồ sơ 8a23e519-6591-48ea-be5d-7931172cd328, phiên bản 1 không hợp lệ."
thay_doi_bam_phong_bi,22,1,2,"Khối và phiên bản 1 của hồ sơ da6f6a98-4062-4e91-b12a-9a6dfd9ca17f không khớp. | Giá trị băm gói mã hóa của hồ sơ da6f6a98-4062-4e91-b12a-9a6dfd9ca17f, phiên bản 1 không hợp lệ."
thay_doi_bam_phong_bi,23,1,2,"Khối và phiên bản 1 của hồ sơ 506bd7a3-1b59-439e-a013-2fa71a70f793 không khớp. | Giá trị băm gói mã hóa của hồ sơ 506bd7a3-1b59-439e-a013-2fa71a70f793, phiên bản 1 không hợp lệ."
thay_doi_bam_phong_bi,24,1,2,"Khối và phiên bản 1 của hồ sơ 396d0576-e5c9-472f-9b28-544e15523ab3 không khớp. | Giá trị băm gói mã hóa của hồ sơ 396d0576-e5c9-472f-9b28-544e15523ab3, phiên bản 1 không hợp lệ."
thay_doi_bam_phong_bi,25,1,2,"Khối và phiên bản 1 của hồ sơ 3731c6fe-40ae-4d88-a56c-cfa229b0c1a7 không khớp. | Giá trị băm gói mã hóa của hồ sơ 3731c6fe-40ae-4d88-a56c-cfa229b0c1a7, phiên bản 1 không hợp lệ."
thay_doi_bam_phong_bi,26,1,2,"Khối và phiên bản 1 của hồ sơ 09e91bc9-26ab-44be-abe8-1bac139463b5 không khớp. | Giá trị băm gói mã hóa của hồ sơ 09e91bc9-26ab-44be-abe8-1bac139463b5, phiên bản 1 không hợp lệ."
thay_doi_bam_phong_bi,27,1,2,"Khối và phiên bản 1 của hồ sơ 52e2a79a-1aec-47d0-bff3-20ee79b4492d không khớp. | Giá trị băm gói mã hóa của hồ sơ 52e2a79a-1aec-47d0-bff3-20ee79b4492d, phiên bản 1 không hợp lệ."
thay_doi_bam_phong_bi,28,1,2,"Khối và phiên bản 1 của hồ sơ afbd1679-da8f-445f-8dd6-95dc09ff783a không khớp. | Giá trị băm gói mã hóa của hồ sơ afbd1679-da8f-445f-8dd6-95dc09ff783a, phiên bản 1 không hợp lệ."
thay_doi_bam_phong_bi,29,1,2,"Khối và phiên bản 1 của hồ sơ 0ca86796-6808-4ca5-b5b3-4f5dab126847 không khớp. | Giá trị băm gói mã hóa của hồ sơ 0ca86796-6808-4ca5-b5b3-4f5dab126847, phiên bản 1 không hợp lệ."
thay_doi_bam_phong_bi,30,1,2,"Khối và phiên bản 1 của hồ sơ 6e450b64-575f-41ce-aee9-a6c80cfb04e1 không khớp. | Giá trị băm gói mã hóa của hồ sơ 6e450b64-575f-41ce-aee9-a6c80cfb04e1, phiên bản 1 không hợp lệ."
thay_doi_lien_ket_khoi,1,1,2,Giá trị băm của khối 2 không hợp lệ. | Liên kết tới khối trước tại khối 2 không hợp lệ.
thay_doi_lien_ket_khoi,2,1,2,Giá trị băm của khối 2 không hợp lệ. | Liên kết tới khối trước tại khối 2 không hợp lệ.
thay_doi_lien_ket_khoi,3,1,2,Giá trị băm của khối 2 không hợp lệ. | Liên kết tới khối trước tại khối 2 không hợp lệ.
thay_doi_lien_ket_khoi,4,1,2,Giá trị băm của khối 2 không hợp lệ. | Liên kết tới khối trước tại khối 2 không hợp lệ.
thay_doi_lien_ket_khoi,5,1,2,Giá trị băm của khối 2 không hợp lệ. | Liên kết tới khối trước tại khối 2 không hợp lệ.
thay_doi_lien_ket_khoi,6,1,2,Giá trị băm của khối 2 không hợp lệ. | Liên kết tới khối trước tại khối 2 không hợp lệ.
thay_doi_lien_ket_khoi,7,1,2,Giá trị băm của khối 2 không hợp lệ. | Liên kết tới khối trước tại khối 2 không hợp lệ.
thay_doi_lien_ket_khoi,8,1,2,Giá trị băm của khối 2 không hợp lệ. | Liên kết tới khối trước tại khối 2 không hợp lệ.
thay_doi_lien_ket_khoi,9,1,2,Giá trị băm của khối 2 không hợp lệ. | Liên kết tới khối trước tại khối 2 không hợp lệ.
thay_doi_lien_ket_khoi,10,1,2,Giá trị băm của khối 2 không hợp lệ. | Liên kết tới khối trước tại khối 2 không hợp lệ.
thay_doi_lien_ket_khoi,11,1,2,Giá trị băm của khối 2 không hợp lệ. | Liên kết tới khối trước tại khối 2 không hợp lệ.
thay_doi_lien_ket_khoi,12,1,2,Giá trị băm của khối 2 không hợp lệ. | Liên kết tới khối trước tại khối 2 không hợp lệ.
thay_doi_lien_ket_khoi,13,1,2,Giá trị băm của khối 2 không hợp lệ. | Liên kết tới khối trước tại khối 2 không hợp lệ.
thay_doi_lien_ket_khoi,14,1,2,Giá trị băm của khối 2 không hợp lệ. | Liên kết tới khối trước tại khối 2 không hợp lệ.
thay_doi_lien_ket_khoi,15,1,2,Giá trị băm của khối 2 không hợp lệ. | Liên kết tới khối trước tại khối 2 không hợp lệ.
thay_doi_lien_ket_khoi,16,1,2,Giá trị băm của khối 2 không hợp lệ. | Liên kết tới khối trước tại khối 2 không hợp lệ.
thay_doi_lien_ket_khoi,17,1,2,Giá trị băm của khối 2 không hợp lệ. | Liên kết tới khối trước tại khối 2 không hợp lệ.
thay_doi_lien_ket_khoi,18,1,2,Giá trị băm của khối 2 không hợp lệ. | Liên kết tới khối trước tại khối 2 không hợp lệ.
thay_doi_lien_ket_khoi,19,1,2,Giá trị băm của khối 2 không hợp lệ. | Liên kết tới khối trước tại khối 2 không hợp lệ.
thay_doi_lien_ket_khoi,20,1,2,Giá trị băm của khối 2 không hợp lệ. | Liên kết tới khối trước tại khối 2 không hợp lệ.
thay_doi_lien_ket_khoi,21,1,2,Giá trị băm của khối 2 không hợp lệ. | Liên kết tới khối trước tại khối 2 không hợp lệ.
thay_doi_lien_ket_khoi,22,1,2,Giá trị băm của khối 2 không hợp lệ. | Liên kết tới khối trước tại khối 2 không hợp lệ.
thay_doi_lien_ket_khoi,23,1,2,Giá trị băm của khối 2 không hợp lệ. | Liên kết tới khối trước tại khối 2 không hợp lệ.
thay_doi_lien_ket_khoi,24,1,2,Giá trị băm của khối 2 không hợp lệ. | Liên kết tới khối trước tại khối 2 không hợp lệ.
thay_doi_lien_ket_khoi,25,1,2,Giá trị băm của khối 2 không hợp lệ. | Liên kết tới khối trước tại khối 2 không hợp lệ.
thay_doi_lien_ket_khoi,26,1,2,Giá trị băm của khối 2 không hợp lệ. | Liên kết tới khối trước tại khối 2 không hợp lệ.
thay_doi_lien_ket_khoi,27,1,2,Giá trị băm của khối 2 không hợp lệ. | Liên kết tới khối trước tại khối 2 không hợp lệ.
thay_doi_lien_ket_khoi,28,1,2,Giá trị băm của khối 2 không hợp lệ. | Liên kết tới khối trước tại khối 2 không hợp lệ.
thay_doi_lien_ket_khoi,29,1,2,Giá trị băm của khối 2 không hợp lệ. | Liên kết tới khối trước tại khối 2 không hợp lệ.
thay_doi_lien_ket_khoi,30,1,2,Giá trị băm của khối 2 không hợp lệ. | Liên kết tới khối trước tại khối 2 không hợp lệ.
xoa_khoi_giua,1,1,3,"Thiếu hoặc đổi thứ tự khối tại vị trí 2; chỉ số đọc được là 3. | Liên kết tới khối trước tại khối 3 không hợp lệ. | Thiếu khối cho hồ sơ 738853bc-d550-4625-b133-836edb9a6e70, phiên bản 1."
xoa_khoi_giua,2,1,3,"Thiếu hoặc đổi thứ tự khối tại vị trí 2; chỉ số đọc được là 3. | Liên kết tới khối trước tại khối 3 không hợp lệ. | Thiếu khối cho hồ sơ 593735f8-9a57-44f6-8292-4c690be2e23f, phiên bản 1."
xoa_khoi_giua,3,1,3,"Thiếu hoặc đổi thứ tự khối tại vị trí 2; chỉ số đọc được là 3. | Liên kết tới khối trước tại khối 3 không hợp lệ. | Thiếu khối cho hồ sơ 40db3c4f-e4c8-49c5-8e74-c653a0c24166, phiên bản 1."
xoa_khoi_giua,4,1,3,"Thiếu hoặc đổi thứ tự khối tại vị trí 2; chỉ số đọc được là 3. | Liên kết tới khối trước tại khối 3 không hợp lệ. | Thiếu khối cho hồ sơ 204f9f86-cf1b-4f1b-a636-0ffd2d1a6e90, phiên bản 1."
xoa_khoi_giua,5,1,3,"Thiếu hoặc đổi thứ tự khối tại vị trí 2; chỉ số đọc được là 3. | Liên kết tới khối trước tại khối 3 không hợp lệ. | Thiếu khối cho hồ sơ 31ce2aa4-6be9-4b19-b0db-bd538eb2e1eb, phiên bản 1."
xoa_khoi_giua,6,1,3,"Thiếu hoặc đổi thứ tự khối tại vị trí 2; chỉ số đọc được là 3. | Liên kết tới khối trước tại khối 3 không hợp lệ. | Thiếu khối cho hồ sơ ebdbeb22-d84d-47a4-8df0-4dfe4c2b1dd5, phiên bản 1."
xoa_khoi_giua,7,1,3,"Thiếu hoặc đổi thứ tự khối tại vị trí 2; chỉ số đọc được là 3. | Liên kết tới khối trước tại khối 3 không hợp lệ. | Thiếu khối cho hồ sơ 36057200-69a6-482f-9541-0be696aae4b0, phiên bản 1."
xoa_khoi_giua,8,1,3,"Thiếu hoặc đổi thứ tự khối tại vị trí 2; chỉ số đọc được là 3. | Liên kết tới khối trước tại khối 3 không hợp lệ. | Thiếu khối cho hồ sơ 4c849a61-93ff-41e8-a514-daff50c49060, phiên bản 1."
xoa_khoi_giua,9,1,3,"Thiếu hoặc đổi thứ tự khối tại vị trí 2; chỉ số đọc được là 3. | Liên kết tới khối trước tại khối 3 không hợp lệ. | Thiếu khối cho hồ sơ 31295ffe-b958-46d8-a7f7-ae80ed596711, phiên bản 1."
xoa_khoi_giua,10,1,3,"Thiếu hoặc đổi thứ tự khối tại vị trí 2; chỉ số đọc được là 3. | Liên kết tới khối trước tại khối 3 không hợp lệ. | Thiếu khối cho hồ sơ 30b8e96c-4561-4f48-8986-9283ee3d5c82, phiên bản 1."
xoa_khoi_giua,11,1,3,"Thiếu hoặc đổi thứ tự khối tại vị trí 2; chỉ số đọc được là 3. | Liên kết tới khối trước tại khối 3 không hợp lệ. | Thiếu khối cho hồ sơ cbd84fef-ecf5-4841-8b06-d96ab33e2a58, phiên bản 1."
xoa_khoi_giua,12,1,3,"Thiếu hoặc đổi thứ tự khối tại vị trí 2; chỉ số đọc được là 3. | Liên kết tới khối trước tại khối 3 không hợp lệ. | Thiếu khối cho hồ sơ 5c956c10-de90-4814-a628-4add55b28381, phiên bản 1."
xoa_khoi_giua,13,1,3,"Thiếu hoặc đổi thứ tự khối tại vị trí 2; chỉ số đọc được là 3. | Liên kết tới khối trước tại khối 3 không hợp lệ. | Thiếu khối cho hồ sơ 0cfb2f21-5f3e-456d-8822-927b1183aefd, phiên bản 1."
xoa_khoi_giua,14,1,3,"Thiếu hoặc đổi thứ tự khối tại vị trí 2; chỉ số đọc được là 3. | Liên kết tới khối trước tại khối 3 không hợp lệ. | Thiếu khối cho hồ sơ bbe48731-f099-4e82-9ff4-c52493d50c4c, phiên bản 1."
xoa_khoi_giua,15,1,3,"Thiếu hoặc đổi thứ tự khối tại vị trí 2; chỉ số đọc được là 3. | Liên kết tới khối trước tại khối 3 không hợp lệ. | Thiếu khối cho hồ sơ dbedcc8b-14a8-4cdb-ba29-6c1def6799bc, phiên bản 1."
xoa_khoi_giua,16,1,3,"Thiếu hoặc đổi thứ tự khối tại vị trí 2; chỉ số đọc được là 3. | Liên kết tới khối trước tại khối 3 không hợp lệ. | Thiếu khối cho hồ sơ 5f1a3808-c30b-4652-8b71-fc7fc242991e, phiên bản 1."
xoa_khoi_giua,17,1,3,"Thiếu hoặc đổi thứ tự khối tại vị trí 2; chỉ số đọc được là 3. | Liên kết tới khối trước tại khối 3 không hợp lệ. | Thiếu khối cho hồ sơ 06413f90-9450-464c-b584-e14acd37d2ac, phiên bản 1."
xoa_khoi_giua,18,1,3,"Thiếu hoặc đổi thứ tự khối tại vị trí 2; chỉ số đọc được là 3. | Liên kết tới khối trước tại khối 3 không hợp lệ. | Thiếu khối cho hồ sơ 132273f4-e3da-4366-aeca-60617f94eee2, phiên bản 1."
xoa_khoi_giua,19,1,3,"Thiếu hoặc đổi thứ tự khối tại vị trí 2; chỉ số đọc được là 3. | Liên kết tới khối trước tại khối 3 không hợp lệ. | Thiếu khối cho hồ sơ a8bfb7c3-6643-4ab0-8fdb-dce1aab50fb7, phiên bản 1."
xoa_khoi_giua,20,1,3,"Thiếu hoặc đổi thứ tự khối tại vị trí 2; chỉ số đọc được là 3. | Liên kết tới khối trước tại khối 3 không hợp lệ. | Thiếu khối cho hồ sơ bbed9492-30d8-4006-87a6-7a219ceb35fa, phiên bản 1."
xoa_khoi_giua,21,1,3,"Thiếu hoặc đổi thứ tự khối tại vị trí 2; chỉ số đọc được là 3. | Liên kết tới khối trước tại khối 3 không hợp lệ. | Thiếu khối cho hồ sơ 78a33016-2077-416a-975a-eeb0fcba2ad7, phiên bản 1."
xoa_khoi_giua,22,1,3,"Thiếu hoặc đổi thứ tự khối tại vị trí 2; chỉ số đọc được là 3. | Liên kết tới khối trước tại khối 3 không hợp lệ. | Thiếu khối cho hồ sơ 6382c2cc-3ada-469a-8a0b-81d8ee528fd6, phiên bản 1."
xoa_khoi_giua,23,1,3,"Thiếu hoặc đổi thứ tự khối tại vị trí 2; chỉ số đọc được là 3. | Liên kết tới khối trước tại khối 3 không hợp lệ. | Thiếu khối cho hồ sơ 48894963-b49f-44c3-a778-9b2733c06c18, phiên bản 1."
xoa_khoi_giua,24,1,3,"Thiếu hoặc đổi thứ tự khối tại vị trí 2; chỉ số đọc được là 3. | Liên kết tới khối trước tại khối 3 không hợp lệ. | Thiếu khối cho hồ sơ 3445cfb0-2ef3-4a03-b473-b5c74fe0e4e5, phiên bản 1."
xoa_khoi_giua,25,1,3,"Thiếu hoặc đổi thứ tự khối tại vị trí 2; chỉ số đọc được là 3. | Liên kết tới khối trước tại khối 3 không hợp lệ. | Thiếu khối cho hồ sơ 4c1598c8-29a0-47fa-ae9d-4f980af897a7, phiên bản 1."
xoa_khoi_giua,26,1,3,"Thiếu hoặc đổi thứ tự khối tại vị trí 2; chỉ số đọc được là 3. | Liên kết tới khối trước tại khối 3 không hợp lệ. | Thiếu khối cho hồ sơ 439aa9e2-335e-4047-9465-59c1e38fe052, phiên bản 1."
xoa_khoi_giua,27,1,3,"Thiếu hoặc đổi thứ tự khối tại vị trí 2; chỉ số đọc được là 3. | Liên kết tới khối trước tại khối 3 không hợp lệ. | Thiếu khối cho hồ sơ a0a1cfd4-4972-4e11-913a-694d71cf37be, phiên bản 1."
xoa_khoi_giua,28,1,3,"Thiếu hoặc đổi thứ tự khối tại vị trí 2; chỉ số đọc được là 3. | Liên kết tới khối trước tại khối 3 không hợp lệ. | Thiếu khối cho hồ sơ 184c4309-60fd-4498-8f56-bdafad2990d6, phiên bản 1."
xoa_khoi_giua,29,1,3,"Thiếu hoặc đổi thứ tự khối tại vị trí 2; chỉ số đọc được là 3. | Liên kết tới khối trước tại khối 3 không hợp lệ. | Thiếu khối cho hồ sơ d9a4403c-3a4f-4a29-9d12-c590425467a9, phiên bản 1."
xoa_khoi_giua,30,1,3,"Thiếu hoặc đổi thứ tự khối tại vị trí 2; chỉ số đọc được là 3. | Liên kết tới khối trước tại khối 3 không hợp lệ. | Thiếu khối cho hồ sơ d2bb9a9b-de73-4d16-a9de-ef6560092640, phiên bản 1."
